-- MySQL dump 10.13  Distrib 8.0.36, for Linux (x86_64)
--
-- Host: localhost    Database: credentials
-- ------------------------------------------------------
-- Server version	8.0.36

/*!40101 SET @OLD_CHARACTER_SET_CLIENT=@@CHARACTER_SET_CLIENT */;
/*!40101 SET @OLD_CHARACTER_SET_RESULTS=@@CHARACTER_SET_RESULTS */;
/*!40101 SET @OLD_COLLATION_CONNECTION=@@COLLATION_CONNECTION */;
/*!50503 SET NAMES utf8mb4 */;
/*!40103 SET @OLD_TIME_ZONE=@@TIME_ZONE */;
/*!40103 SET TIME_ZONE='+00:00' */;
/*!40014 SET @OLD_UNIQUE_CHECKS=@@UNIQUE_CHECKS, UNIQUE_CHECKS=0 */;
/*!40014 SET @OLD_FOREIGN_KEY_CHECKS=@@FOREIGN_KEY_CHECKS, FOREIGN_KEY_CHECKS=0 */;
/*!40101 SET @OLD_SQL_MODE=@@SQL_MODE, SQL_MODE='NO_AUTO_VALUE_ON_ZERO' */;
/*!40111 SET @OLD_SQL_NOTES=@@SQL_NOTES, SQL_NOTES=0 */;

--
-- Current Database: `credentials`
--

CREATE DATABASE /*!32312 IF NOT EXISTS*/ `credentials` /*!40100 DEFAULT CHARACTER SET utf8mb4 COLLATE utf8mb4_0900_ai_ci */ /*!80016 DEFAULT ENCRYPTION='N' */;

USE `credentials`;

--
-- Table structure for table `institute`
--

DROP TABLE IF EXISTS `institute`;
/*!40101 SET @saved_cs_client     = @@character_set_client */;
/*!50503 SET character_set_client = utf8mb4 */;
CREATE TABLE `institute` (
  `uid` varchar(255) NOT NULL,
  `name` varchar(255) DEFAULT NULL,
  `tan` varchar(10) NOT NULL,
  `email` varchar(255) DEFAULT NULL,
  `phone` varchar(20) DEFAULT NULL,
  PRIMARY KEY (`uid`),
  UNIQUE KEY `tan` (`tan`)
) ENGINE=InnoDB DEFAULT CHARSET=utf8mb4 COLLATE=utf8mb4_0900_ai_ci;
/*!40101 SET character_set_client = @saved_cs_client */;

--
-- Dumping data for table `institute`
--

LOCK TABLES `institute` WRITE;
/*!40000 ALTER TABLE `institute` DISABLE KEYS */;
INSERT INTO `institute` VALUES ('I129319695829','vesit','ANJKS123','nasjkcn','0227464774'),('I452465337637','vesit','PDES03028F','vesit@ves.ac.in','0227689467'),('I838805683613','kjse','789327423','cnsdskj','874858489'),('I958636845205','hnjskdnck','928347298','nfwksfnckj','7489274289');
/*!40000 ALTER TABLE `institute` ENABLE KEYS */;
UNLOCK TABLES;

--
-- Table structure for table `last_login`
--

DROP TABLE IF EXISTS `last_login`;
/*!40101 SET @saved_cs_client     = @@character_set_client */;
/*!50503 SET character_set_client = utf8mb4 */;
CREATE TABLE `last_login` (
  `uid` varchar(255) NOT NULL,
  `lastlogin` datetime DEFAULT NULL
) ENGINE=InnoDB DEFAULT CHARSET=utf8mb4 COLLATE=utf8mb4_0900_ai_ci;
/*!40101 SET character_set_client = @saved_cs_client */;

--
-- Dumping data for table `last_login`
--

LOCK TABLES `last_login` WRITE;
/*!40000 ALTER TABLE `last_login` DISABLE KEYS */;
INSERT INTO `last_login` VALUES ('S477729132063','2024-02-15 20:18:55'),('S477729132063','2024-02-15 20:19:09'),('S477729132063','2024-02-15 20:37:11'),('S477729132063','2024-02-15 20:39:15'),('S477729132063','2024-02-15 20:39:21'),('S477729132063','2024-02-15 21:00:14'),('S477729132063','2024-02-15 21:02:45'),('S477729132063','2024-02-15 21:04:35');
/*!40000 ALTER TABLE `last_login` ENABLE KEYS */;
UNLOCK TABLES;

--
-- Table structure for table `login`
--

DROP TABLE IF EXISTS `login`;
/*!40101 SET @saved_cs_client     = @@character_set_client */;
/*!50503 SET character_set_client = utf8mb4 */;
CREATE TABLE `login` (
  `uid` varchar(255) NOT NULL,
  `key` varchar(255) DEFAULT NULL,
  `hash` varchar(110) DEFAULT NULL,
  PRIMARY KEY (`uid`)
) ENGINE=InnoDB DEFAULT CHARSET=utf8mb4 COLLATE=utf8mb4_0900_ai_ci;
/*!40101 SET character_set_client = @saved_cs_client */;

--
-- Dumping data for table `login`
--

LOCK TABLES `login` WRITE;
/*!40000 ALTER TABLE `login` DISABLE KEYS */;
INSERT INTO `login` VALUES ('278992504700','loki','$argon2i$v=19$m=512,t=2,p=4,keyid=key$o0U2tkhwk1bIyoTLxo9P/w$EA1kg/7sOo1J4VR7fwOh844qToDz8S3ppGlS74Sduw4'),('301232890016','shivam','$argon2i$v=19$m=512,t=2,p=4,keyid=key$eHTL7kkkxSHewA5ZIlHl+A$gAkM1V+k7eDG+e0CU4LVylKvURUOW2lTNZ36idixYBw'),('348346448124','','$argon2i$v=19$m=512,t=2,p=4,keyid=key$+udA6i1iJzcGDa5wazgv9w$jRsBQk10PLhWM9FJqaf+1t//k6RscQrKL6eJBS2CTfc'),('401751945205S','Alok','$argon2i$v=19$m=512,t=2,p=4,keyid=key$CvUixQ0A4q7EvaJzLGRZ0A$tY6LE/k3J0jna79li/N7OcRpTOvJqnYuHpLKj2EkvzI'),('483184581586','alok','$argon2i$v=19$m=512,t=2,p=4,keyid=key$JYa8os3iiFihlGHonZ4XXg$xFu86WiJQ6qaaR98yKpEMBcUzIbwX+0Uex1IJ1AzsRE'),('509363566162','ganesh','$argon2i$v=19$m=512,t=2,p=4,keyid=key$37k+Uq1ZnUWeS5CTbg4Plw$WYxLK1RNEHCp/V8hM1PAcfWHRF9B5DXuV/wzd/LzaBw'),('685407440730','gannu','$argon2i$v=19$m=512,t=2,p=4,keyid=key$P9LUDELNVHQK5XoxfjjOsw$D/zxwY3YDt873zXMu2baog8DEME773VLHqg4OzIQlKk'),('689238705475','shiv','$argon2i$v=19$m=512,t=2,p=4,keyid=key$fb5yBTG8EIiLWQ8AOXIELQ$mvSut0/o1pnyOLQ9CftoQBWoFtYDb4TTUshKWO+Kj3s'),('869816884342','gannu','$argon2i$v=19$m=512,t=2,p=4,keyid=key$FdrbA/LFmIUmaLyPxPg0KQ$/xv8uULGBiJoSahxheOc1B/rbVMA3HC4sNGksvjvdNE'),('I129319695829','vesit','123'),('I452465337637','key','$argon2i$v=19$m=512,t=2,p=4,keyid=key$UDjUKsLgPsaDkZcl+GOkvQ$UGB4+Rku+Hx5QxkpMS81PIrlIoNDxTCM45vnuYuaGLQ'),('I838805683613','key','123'),('I958636845205','hnjskdnck','123'),('S477729132063','aditya','$argon2i$v=19$m=512,t=2,p=4,keyid=key$RcXSJd4aF+vuornQLk1l0Q$/p3CnlSO7q93Ff8bSTlEKzlC6V6pywxShgGkz7LQjko'),('S778812954646','key','$argon2i$v=19$m=512,t=2,p=4,keyid=key$nCquk4/g7Uw0v1TZuDm1GA$VR0BrKf7V/6VO6b7PHGgQUoTv3JKRpPA5ZZRCv55L7s'),('S791520092595','blah','$argon2i$v=19$m=512,t=2,p=4,keyid=key$XrIn2KIWd0A9cxbmZFtE6A$DiaNMGP2YfuxKPp8Y+k9cNZb9tz8Bz1ewHhsZWPuGzE');
/*!40000 ALTER TABLE `login` ENABLE KEYS */;
UNLOCK TABLES;

--
-- Table structure for table `student`
--

DROP TABLE IF EXISTS `student`;
/*!40101 SET @saved_cs_client     = @@character_set_client */;
/*!50503 SET character_set_client = utf8mb4 */;
CREATE TABLE `student` (
  `uid` varchar(255) NOT NULL,
  `name` varchar(255) NOT NULL,
  `gender` varchar(255) NOT NULL,
  `dob` varchar(10) NOT NULL,
  `phone` varchar(15) NOT NULL,
  `email` varchar(255) DEFAULT NULL,
  `aadhaar_number` varchar(255) NOT NULL,
  PRIMARY KEY (`uid`)
) ENGINE=InnoDB DEFAULT CHARSET=utf8mb4 COLLATE=utf8mb4_0900_ai_ci;
/*!40101 SET character_set_client = @saved_cs_client */;

--
-- Dumping data for table `student`
--

LOCK TABLES `student` WRITE;
/*!40000 ALTER TABLE `student` DISABLE KEYS */;
INSERT INTO `student` VALUES ('278992504700','loki','Male','11/02/2024','0987567345','acaa','234512345670'),('301232890016','shivam','Male','30/11/2004','9876549876','shivam@mail.com','3456128976'),('348346448124','','Female','11/02/2024','','',''),('401751945205S','Alok','Male','11/02/2024','9326071837','abc@gmail.com','789123093451'),('483184581586','alok','Male','11/02/2024','7867564534','abcmkcl','234512345678'),('509363566162','ganesh','Male','11/02/2024','9878656754','ganesh@mail.com','123123451276'),('685407440730','gannu','Male','11/02/2024','8767456766','abc@mail.com','674523097818'),('689238705475','shiv','Male','11/02/2024','8767456789','abc@mail.com','123409871256'),('869816884342','gannu','Male','11/02/2024','8767456734','abc@mail.com','674523097812'),('S477729132063','aditya','Male','11/02/2024','4567123498','aditya@gmail.com','123095612894'),('S778812954646','ganesh','Male','12/02/2024','1212121212','abc@gmail.com','121212121212'),('S791520092595','blah','Male','11/02/2024','9875934567','bjkajas','345612897612');
/*!40000 ALTER TABLE `student` ENABLE KEYS */;
UNLOCK TABLES;

--
-- Current Database: `documents`
--

CREATE DATABASE /*!32312 IF NOT EXISTS*/ `documents` /*!40100 DEFAULT CHARACTER SET utf8mb4 COLLATE utf8mb4_0900_ai_ci */ /*!80016 DEFAULT ENCRYPTION='N' */;

USE `documents`;

--
-- Table structure for table `files`
--

DROP TABLE IF EXISTS `files`;
/*!40101 SET @saved_cs_client     = @@character_set_client */;
/*!50503 SET character_set_client = utf8mb4 */;
CREATE TABLE `files` (
  `file_id` int NOT NULL AUTO_INCREMENT,
  `file_name` varchar(255) DEFAULT NULL,
  `file_data` longblob,
  `key` varchar(255) NOT NULL,
  PRIMARY KEY (`file_id`)
) ENGINE=InnoDB AUTO_INCREMENT=8 DEFAULT CHARSET=utf8mb4 COLLATE=utf8mb4_0900_ai_ci;
/*!40101 SET character_set_client = @saved_cs_client */;

--
-- Dumping data for table `files`
--

LOCK TABLES `files` WRITE;
/*!40000 ALTER TABLE `files` DISABLE KEYS */;
INSERT INTO `files` VALUES (1,'headerText_image.png.aes',_binary 'AES\0\0CREATED_BY\0pyAesCrypt 6.1.1\0\0\0\0\0\0\0\0\0\0\0\0\0\0\0\0\0\0\0\0\0\0\0\0\0\0\0\0\0\0\0\0\0\0\0\0\0\0\0\0\0\0\0\0\0\0\0\0\0\0\0\0\0\0\0\0\0\0\0\0\0\0\0\0\0\0\0\0\0\0\0\0\0\0\0\0\0\0\0\0\0\0\0\0\0\0\0\0\0\0\0\0\0\0\0\0\0\0\0\0\0\0\0\0\0\0\0\0\0\0\0\0\0\0\0\0\0\0\0\0\0\0\0\0\0\0\0\0\0\0\0UK{Ֆے,b~2I\\kOH.E\"D\2CٹHN\jUbE\0\%\i\\B؉\Z]\rьEl:\{W\Od\>b\͔d=\\ut䀼#\\\\U\0պ\[	ͮq\fvgKRO^u\n\i\\\CkH\v\uWz\\\	\5݂ݚTI),;{@`{V\ƥ\N\vj\i\`\&C=QR\0\\҂a\\s\j\@\wJ:\\v%\*\\s\\2\I\o\E\fy\\n\\\Zix 	O\;]\'aj\ձo\\	_Tj;޻\J&\'w\`ooU+Y\\p.\S<Q+\X\Ҟ3\_v\&5n/H\;χ!c\иݗaJB*\]\_:\\\\ײDgp@\\!_\\ZjU˩-\ܷyB~	2\;\J43D\J6e4\'[PGB\Lg:\!wJ\/\njP,gb\IYďp?YP\6 ?\D\]\\n&\la5/\\\\zr-B\\ \\I2\Z\"\0<\עE!\\@EN\q\p&}q\2s@i\~VZ\p\\x\i\\\\\n\!˓ڂQ-\\<q\gBr\-\?\\)\\$`\0ZWF§2\Y\$\/~\6*\\nD\+\\s\\I2\F\X5tZʜ\0&7\'KnZ\\_qa#\y\A\K,|8\4A<>Z&#\Ɲ8 \\vC͔o!$/?\D\\z2%+\\\衿*\m\\RN?eݫ+/\9qwcQ}\>Qe-P\Ep\1P}\\\a\,\EϺߜ\\\@\\\Z쐭\\3^C\ӻK|4uGp\\\\\nw2\<m\~yƙ\G\ZB(r\\1̀$5W-Y­{R\\\OS{D~\\j/\0R`+.\0\"_GTƷ#ȫ$N\B\M598_\"]\fea1\ɻ&\e\H\6[/Wg.k\쵧8\)~\Hq\Tw◅\ןtQ\nBTtw\\^PXq8}hI\X\u)t}\\ql>B\컕\Z\5\K\!%\\ˎ\\\M\&l7\}\\>t\)ITrI>4lD	\A\\\mrR\C{[\8\~\\\\o_A=9\\\|g\é\ޥJ|\/O\HW*DS\H\mf,K\|c\\\\nR_B\\nHG\\n_1','$argon2i$v=19$m=512,t=2,p=4,keyid=key$RcXSJd4aF+vuornQLk1l0Q$/p3CnlSO7q93Ff8bSTlEKzlC6V6pywxShgGkz7LQjko'),(2,'email.png.aes',_binary 'AES\0\0CREATED_BY\0pyAesCrypt 6.1.1\0\0\0\0\0\0\0\0\0\0\0\0\0\0\0\0\0\0\0\0\0\0\0\0\0\0\0\0\0\0\0\0\0\0\0\0\0\0\0\0\0\0\0\0\0\0\0\0\0\0\0\0\0\0\0\0\0\0\0\0\0\0\0\0\0\0\0\0\0\0\0\0\0\0\0\0\0\0\0\0\0\0\0\0\0\0\0\0\0\0\0\0\0\0\0\0\0\0\0\0\0\0\0\0\0\0\0\0\0\0\0\0\0\0\0\0\0\0\0\0\0\0\0\0\0\0\0\0\0\0\0һT\l (\\\\~=8\P\2,\*]J1\\rQQ%IGGmI1\8A\\\g+V\aW\\\IQ\Zm\b\E;\MO\h1\?(\\0*\6\q\v_:i$N\\^q\&.\|\\\o8!\\U\"\r\V3\\-C\\%\\d\\\'^ݽK/\6\[\K>\VU\\!\L\=\\H\E\\ּ\<F\Ȟ\\j\\7P\4k܈*(\\\*z*ث=x\Mg㢿l%%\a4\\\\<ook\4iD[Q\>5b\\\ gf\\n|3ন\H73h\\9!Ϗ\+Frjt\ni\\`\z\a>\s<y	\\e1ntO\_r7/m6X9T\m\\\QBʻ x\\9{(f\e\t\c\\\\=Ap\Fִl\BLr mnzip\w\y\\ل\\\rW\-\0\F\\\\)i}\ﶻºt\u\\US7}\8}m[6|B\g\0Y\\\\\\\5ggq\%Dy\q7c\\Fa\g\\非P\\)X\s!&T\i#\9s(\\]i8nZ鴏\Э@6\\\\Z`\\i\L9Ae\^BIw+\'E7Ė_!\n\eʴ\'`W;Ǧ\}^\ky\I\3\L\%\%\\\\\\\fQTv!\\w\r[\\?\6\\2F\\jrM8$\C-oҒ\0:\>14\Zl`\gy[Z\.o\l\\"q:sNߢ\0^C\ģ%\\[]$K\N.Q\&q\\,\,\/,&a2c¥x5Ώ`C\;ް$\nǢUKc{eH9\XZ\[-qQE\\2ޭ)\N\k\\zO\-}F<,\HdcfH4/\\\&\e\"F\\\\b\71\'c\֨È\]\\"|\\`\'Z<\n94\ryj䈮\x\\i\ґ\\,\ؤ\_kkU]ޓ\0%wwN-	c{\s\i\r~.ɗ[\=m9HH\\SHP\}EfYJ3\\\R\\7<\'_&&\\ϰE%KRE\%6+;w_v\	Ղn\	@\\0NM`/~2\sLm+v\\"aYs3Oj)k1լ;\!R=\bZ\\,:A\Ц\\GZd\2\vM\Q8\\0ę_\x_&:2\ǥow\b9@Ӏ\Y\Sf2$\E\QLbRO9\Ba\'缿UjL!}}yT[?<`\\#\\_㫀c-|\^\31tn\\.o\\96\?SWi䌔W\w3dM\0Cd4V8+\5>ZP\\B)q\`.\IG6ancZTѿ!]e\u\C.9c\$_Pp27Si%ƚO\\soe\f@\\\\q3ΛIv\\$\~PlƜ!`.\yʎT\li\\Ih*lw{\JV\	;=0e|n\6#\rdu\dh_3hdN4\y$\\\rj4i\\S\@0\Z\n\ȣq.iNoR\n;\b \\h1JU+Y\\aM7L\k\V2\3Eė|Q1u\] nWĚ\\Ynڔ\N\<bp2;ʀj7\\_hTsĸ\τ\^ky\\^KBHo\銬\Z#\N\\\\F6\\O%lE+Q8Uz1u\. <ko5\\oHW\D\iB兀l\B:','$argon2i$v=19$m=512,t=2,p=4,keyid=key$RcXSJd4aF+vuornQLk1l0Q$/p3CnlSO7q93Ff8bSTlEKzlC6V6pywxShgGkz7LQjko'),(3,'input_img.png.aes',_binary 'AES\0\0CREATED_BY\0pyAesCrypt 6.1.1\0\0\0\0\0\0\0\0\0\0\0\0\0\0\0\0\0\0\0\0\0\0\0\0\0\0\0\0\0\0\0\0\0\0\0\0\0\0\0\0\0\0\0\0\0\0\0\0\0\0\0\0\0\0\0\0\0\0\0\0\0\0\0\0\0\0\0\0\0\0\0\0\0\0\0\0\0\0\0\0\0\0\0\0\0\0\0\0\0\0\0\0\0\0\0\0\0\0\0\0\0\0\0\0\0\0\0\0\0\0\0\0\0\0\0\0\0\0\0\0\0\0\0\0\0\0\0\0\0\0\0M\\0\zH.5t\+\\;}\b\$#d#\\&:>9\s{j\O\iYm\D\2Y̽\9{\E([܆3\\`\h\\T\\LoX\8,Y6x|NC\ZV8X݉ӟB+\SY67Ƚ&&j@zl\`U\4.=GdF\\L\7\cZB\QhJ\CDk\.P\Sf\?IITCA\\%P\\Zn\Cbm$^\Ȧ\ip.<B/f-5\ώ+\	|r\m\Ԁ\gL2[J\g\\+a\|\\.\&C\4پT^~[DF	;\~fe\m\+<:y\+~H	\\nv\\\G;и`\66rj0z\'Z!E\\\	u\\@^X~\0y\'{a9 <\5vE9yW\\,;b\0\e^J\\U\:K\\\\E۝\'#L_HMJjZm\A(M\}K\}B5c\_\B\\\\!\\7U,\\\_Q\-\cC$lי~rmƖQLp4\0޷+\@sܣ1\m\j\\[\'\x\nf_,|\ѵs\_\\Co8\\\j7\žLR\\w^=v\%)Ov>\\\+m\.\\D\\]\w\_\xc+\'ј\@0E\)b\Zo\\K\\0\Z\0%!.ubr$`lɺ\ӑ1\\\ِ\nZq3ܫbZ2\rl%{Z2ʖYך.<Cypߥ1KքC^wff\+hi+oܖ?L\\\9~]tu<\Zf\\0\\\\%W/z\(4mm\r\\qI8M[]\r\\\2gX?`ZV`C\\\/\C\\0\屺\H\\H]a\7\(%t\\Kk	Ϟ\4JtdrO2\q\S\Ŝ!8%7\\!쩮 Ml\O6^\\)$F%x-9гe\'\\O\~DPlbbZ\\\Aǥ2\o̩b1G0<\l#/;~͝^\%\c3X\\X)\LZJU\h\\\"^Ѯ\`\\\\*N\8lN:\&(\\VE;\hf	-5\\'{՚7I]Y#U\\ItЛ\ֿ\o\\\\Z\nS\UM\\rb@\\Z\ɼ}%\8\\]\r\ZfE\\\@\rD7\"E\n ߡj譛d\A)\kU}	\\\\T\0$\c\\մ\hx}V\O\\=1\\+YS/b\f[\@c#\\rY̍,j\\\! \g\\\\Һ\\ަiM?\I\y_^2Y؅a7\\(O\\A\>\"\1܊@p\U5#\KXk\Qռ&\O|F\\r\j;\@\*	g\IF\j\x\\0\";?\[\\\nꖗlYb5[\Z\ˇ`n[N\\J&+#\\\҉A=*҆[u\n\\$\'UC9\\\f\\\'Ġj\')`\\\7\{J\i\\>\Hj$\\\*-Tڕ(۫_<`\\n\nߟA>8\\b\q )4\Fq\Zxʍ[\gߐ\rn7K\o\*\fk/gGS\9+UZY\Iߐ\5\\0\56\hme8\q\rznj\\\D[\\/좿*n\\Ωwʜ,P箼/tb\2#F\\O\\?&\gK\-e/2w\gk	c\\S\\\]\?\\rڄ\nHA','$argon2i$v=19$m=512,t=2,p=4,keyid=key$RcXSJd4aF+vuornQLk1l0Q$/p3CnlSO7q93Ff8bSTlEKzlC6V6pywxShgGkz7LQjko'),(4,'pw_show_hide.png.aes',_binary 'AES\0\0CREATED_BY\0pyAesCrypt 6.1.1\0\0\0\0\0\0\0\0\0\0\0\0\0\0\0\0\0\0\0\0\0\0\0\0\0\0\0\0\0\0\0\0\0\0\0\0\0\0\0\0\0\0\0\0\0\0\0\0\0\0\0\0\0\0\0\0\0\0\0\0\0\0\0\0\0\0\0\0\0\0\0\0\0\0\0\0\0\0\0\0\0\0\0\0\0\0\0\0\0\0\0\0\0\0\0\0\0\0\0\0\0\0\0\0\0\0\0\0\0\0\0\0\0\0\0\0\0\0\0\0\0\0\0\0\0\0\0\0\0\0\0k\BN\SQحwTPRU,?#ARQ	\nh\Fv\u}\"w\\~nZ\z,\\$\\n\\ݙ{\%\j>~.Me\e\Ő\`H\;\x\0l\n*\9aRi_\'\\\{N5&\74\?~\CT\W\k\\d\\\\\ ֜xlʞ\~xhu\K	H{}\rxļ18FeK\5\ \\\n:\LQ9\JĘ%BџصBpZckFb=D\\\\1rbF<J`\FaR>\;\#bATn\\KH\N\\\fLsp&2f`\֪mp\\\Q[\,n\a6vg\\"\`[\\\V!@C\=5=p\`\_ס\\\hal]\\\r˨	\3[Bc+\\,I6FN\r*cn\f!\'\\OXz2r\"\n9B1z\\TV͌=\Zps@\Ц5\\6:\ûXn\\\Whm\0\\"|\\\\\[-A\q\>\q^\O{|\\\\\\n\a\ڻ\n\ࡄZW6q ml	w\\t[','$argon2i$v=19$m=512,t=2,p=4,keyid=key$RcXSJd4aF+vuornQLk1l0Q$/p3CnlSO7q93Ff8bSTlEKzlC6V6pywxShgGkz7LQjko'),(5,'button_1.png.aes',_binary 'AES\0\0CREATED_BY\0pyAesCrypt 6.1.1\0\0\0\0\0\0\0\0\0\0\0\0\0\0\0\0\0\0\0\0\0\0\0\0\0\0\0\0\0\0\0\0\0\0\0\0\0\0\0\0\0\0\0\0\0\0\0\0\0\0\0\0\0\0\0\0\0\0\0\0\0\0\0\0\0\0\0\0\0\0\0\0\0\0\0\0\0\0\0\0\0\0\0\0\0\0\0\0\0\0\0\0\0\0\0\0\0\0\0\0\0\0\0\0\0\0\0\0\0\0\0\0\0\0\0\0\0\0\0\0\0\0\0\0\0\0\0\0\0\0\0\Z\/\\=EѸx-ZS/\\"1p\I\6Rc\c\7cWUхf\D2R^\.\&\\Nt\ᶊ\?E\}\C\k\/w$\+_\d(\\&:4\0v\r$}cq^:7>I0cbӶ\[O\d\r$t\vV!UBrM\I5\\0\W\\y`]\6\e2\\\\e[X2TO\tiCh=׹\\\\Z	^s/ym\\\\;]G<\\WO\_HÉ0\8#\4d\\$\\\ĈY\uˁ=\\wۅ\,gm8w1L\\ٸA)\whRv\H\Z-؂qC\\\\J\\\r\Z\V2\N\0K\7w\m\dz\\5]\\.Ne\gE\Z\_V\\|\\>QW\\?0\󦫸\\:,\c\\\釫D\fS\$#Fvr\UQOf^շyZ:\ܾ\zKm\l\w\0\\̥\[.\\\{K9\\\m>\"-\跅rB\n:%\C\k]\lz\A\o\$,F\L\\umQWJG\i*ϡ\7H\p\r\\V\=TqOdqj,\\_\wG\X\\>\V\VȀ0\ڭ)T2cBͺ\n,d:u֣\^veٱ\9\"\SLt>=k յ\Dys\\-\\rtx\mJk2	qGQ\y9kkx\\f#WT\rsD\\bu4e\{6%ɡ\_&$\\#Pt86K\|K\,.F^֪<=~\C%W\0a%kem<ƓPy?0|Zk,\\y	o 9\#4\l%\\TV^V\U\\\Cpe\\r\4ođv\6as>R\LksXq\F?l\\WRI\zA\Pݞ0(Ki2\w|xpՓ\g\\\ų(J\Z\\\U|T\\\B\D\bs)\.Ѕߐ秬\"\\ѹ/90?vGc߾\\\\\M|\\9\~ڳ\\X&=F\Wqd~Wuw*Pm$\\\\e\?Ϧ\oZy\.8yvDHeԓ7oC\[K_X{6*\	UM\!]0eퟝD\\\"oNI#)\\݁\M)H@\\RG`>>`jLc\N<\وN>@\\	]\&MP]ximeޔ\'N>	a\"Qլ?\Z&lǽʘ1qd\\`wca\\4\׃\'W\	n\\tqd\"L\آ \\"\/\\\-Eԇ	\L9SrH\h{=vРԏs^\\c<솽SE|\\D\M\4\O\>\jmֵ5I\\\n4\F%BV\\@_B6IR\\FUV\\<\c/k\O\0CE7\\5F2Ûͪ;\\\F=\\PU\\\\j}~\0\\l\nS߆\aJ\:m5V\V@)p76\\'ӷ^\ȵ<\]?Q\\\\Ծ_bK[\nD\p\7\r\FÃbjE.|#\`\!r\\ZcA]\"\\'K\v\\y\i\ҪvZ:{z.+_bd\\\\t`,\\"^By\7b5b5\nY\8g93tr(\ޔMѮxz$b.\pN\\E<\\:D\,:\?	Zb\o\q^i!\\-^8(p\\\\'U\0\ң\\t\\UB\uy\-7\"T%ԡZKͰ7\&/2b&ھv\\|w\ȷ\\\\'}.\7\\\Ѻk m\']\eXyr$ڰia{=*	s]YQ\\\\\ ?)\Y\\HH\\q\s\"\$H=\Ar\Hk@FP\n|\^-ڄ3GvfM\\\\{\(\DUX1\㋚̊\d\r\g\7`k_͊P\g*\\5\g\p\@\e\\\\[\Zxz)Z\yQ\B\\\A\\"\\M~jk\"\r\{&	o\h\CCkb*勒\flLH\;\8MDu\ \i/FnʤO\\ڕt\\FͿ\\^\\\wӯ+\Ǻ&\\URm1m/I,_C\Ƽ\\\\yˌ	\r\z++OVW0[\%\"@\0C\b\\\\z\//BC\jI4[\\v+/\*x\"-:V#\0I\\\\\e9E4`Z8^\\\\\\n@7,j\\\Iȱ\\\[\FǛ\\=\\rr\\ZuJ\\\ux\2b/OZ\w\n>KnJ~nx%[\%	\j-g\׼F\@֔p\\*;մ\-\\\RC\V \\\\\fM\Zʽkx/|\ƀ<\M\\?UvgG?\'z\6$:V8\1\wa\\01\\NYE\nHO0\\y\\\2,R\\O\0\QZ\\|hL\;\\g\pZ Hb4ޫ~\K{\4\/C\\.s\7\0\d܂ᆬ%\]f\$\#\*ol~X\3Ӧ=Y\0\M\7\\V\߲G\X5\S\1l\jY<S\\XQP\z\\\n\Z+z5^]lV\	u\!z\"I7L\kNR\®뭹;\\\LR\K\0\r͞\]\"\0\0\ >\r퍕Q]V\G\rj\?\\n\Dx\p\h^\\,Lsdn\Ί\0\(b\\P\\8O\\i\i.3Xm\\\x\]\\\ͷ`i\\\YW9\Gp\)5\\\bC\ȸ\'V53\ԍbh*\\G\e]AHf\n*&f\\0\l\yB\n}\e\\\\\m\dϏ\hѾ\$(\Fʸ?\\K\4\pv\\J?\z\\\4FV\2ג	^8/Lkxޭ\\1\Cf7(ͣK	q$Q̗}p8-\$ӴF~2W\'0_\?.2\P\\0ώ;\{\+\\\(x`S+\'\RDw\\Ϗ\ y>O\[G\cԊy\9џ\\6윃z~\\:\]\YOK*=s;\\\\?5op\rD݆n0b.V\\\\	.ӟ.\\\<\m\"w#(q PU=\r_I(\\N?\r\\0\9\\z:?!Cg\̳%<\r\\q94s\wֽ%ʌ+\NW\\n\SB\_\;މ\\\\\8k\ߑ`Nf^4bmb\"\7\nHbb\\_3\o@\\\'$\W`\BT}4o2],\0\\Np\@Mhf`/\2/\_[8\H\B\pCJ=Z-Uz\O\Zק\\\E2\+˗*\^pN>\[?\_@h\\5ni\`\"誒\)O*\hI=a\Z\\#+\\Qom@\fX{I\uhm|\\W\ #\S\|m\sro\\ZNQr=\'59\2.Y7\\Sx\\\G$~\wzmE\l\Aꈊ\ѬlSǧ\rE|m{\D\\":}}\D:z/y^ӥCpe\Q;sT\k\\j`Jz\\\VQL3\3<\[&\	\8Rf\ͦw*ϖ%0zYYxb\Cqqn}DTE\/[#\a&\y˲\_S\xu*v\'\\ND}\\{\Hk \\\\Q^oH.N\]?:\\f\\\\g\-Us&\%9\JEcu75;\!\r\\ \\&NX$\)\D6\\|6翉\@&*7\œ\	0\\~~L\\>bE\O\"Y\\\nfh\%y\THԥ,_\/:b\6\rP1Upӫt_\4\R*\~&L%}gB!\)Tfk<Ŕ\r\"\[[|\\Iic\\1Q\Ɇ\T\\{h\3S\5<	\\g5\hKGrqV\wQJpU3\\\T|\\\㮽(\PhL,=Xݛ\\]\-*\~5\\ka\\.8\\\7VvQ\\ZՐ\\tZ͆\\|LuVr\7j$T\\w!\\iЀOg\\\V\@5ՐqcMV\l\+@M\"ҝl\O\\\\\\׆\H\C6L\>\t8\JX\i\\\t\\EfDrkdL^Լ&qPWN$L M4j\_\B犾QW\\\\c\\"K,Y(\z Bف-mkH\ pp\`\"\r\rfY{5y\\\\\c$\R\W\!o\\q`-\\e\\v}\TuO\\\OWR\x\r\\\XO7P\Rf\\\ه\l|\"t˔f\\Z\Qo\\{ѥʆE\-\\S\0\.#L{&\";=NK_v쿲2P\EѥOM|\Z+P6\[\\2\D1Ȉٚc\?\MU=\nU*E\YZ@N\\B&WT\\jJB݅#Ѓ!s+QO}}\\'+\@IUpfO߷CE2s0\\ZP\\\R\\jwI\֊O\Ŷ Bh-\\n*n4\\\,\\%n(q嚰V\\\I\T4Uv\S\e\rH\\5#ɄI	\Jf8ĩ\\v\\V\\0SJj\\?pe\;IIW>\ldL=fkj?=\>Fh.!Қ\\psŮ_\Ǿ1wUgZ\w7r\٘93\1\1\^a7r\nd\^\\Q\\\C\i&[\RB\\(ׂ\8\G~*D(\f\\q]J2c\nZ\ O\'\\\2@WCA\!\B\\7\"u\%Dmp\}\U\\%{[]FځCvZ4pPcC$(D=\0\\` f6VR \{va[`\\o\<\\٥|yxn\g\(\\\"X\?\E\x\\\\pN[\Z#;Y9\.O4\RnT΋u\\0ln\g(j;\'X%\gT1u\\ʰ\\Pq5[\^X{C3}\Sq\U[\\\D_4]4Do\\±\*\G\~ʜ\\OAdoé\G_\\sE\"\\ghE({+\<K($\B\%LޠK\AG\\a K\񾈷MTCƈ\\/\\4\','$argon2i$v=19$m=512,t=2,p=4,keyid=key$RcXSJd4aF+vuornQLk1l0Q$/p3CnlSO7q93Ff8bSTlEKzlC6V6pywxShgGkz7LQjko'),(6,'settings.json.aes',_binary 'AES\0\0CREATED_BY\0pyAesCrypt 6.1.1\0\0\0\0\0\0\0\0\0\0\0\0\0\0\0\0\0\0\0\0\0\0\0\0\0\0\0\0\0\0\0\0\0\0\0\0\0\0\0\0\0\0\0\0\0\0\0\0\0\0\0\0\0\0\0\0\0\0\0\0\0\0\0\0\0\0\0\0\0\0\0\0\0\0\0\0\0\0\0\0\0\0\0\0\0\0\0\0\0\0\0\0\0\0\0\0\0\0\0\0\0\0\0\0\0\0\0\0\0\0\0\0\0\0\0\0\0\0\0\0\0\0\0\0\0\0\0\0\0\0\0#\nKMϙpz\jG\\1ե✆3:J-\M\\BC\/\Z-E^}_boWpr\e\0nl\*Aj\Ϻ!v#FW!XgðI\:+\\\\6W\n\L\!l\+dJX?#~^H\\\\:W1zb\\?FY\\nzK\zL\bDr\m\p\\\#kr\\i\\\>\.;(:D*S\0N\"&\0Nʪ[\W	ak#,&]hn?\<TuY*J\\0\-\\d\fҸ\nu*2\'\=~M~\b\D.d_W?\mLģ2M\p\0UYD\'v41\\C%\\\\0\\Fl\AV03\/e]\\\[\bյ%+\iqM9JI\d\B\\\\CRF=\}{o;\\0x@ZCs\\\+.\.t@\\HrElnԑ\nTʐe#sƯ\8\	#n\\w\C)\֬\u\nZ','$argon2i$v=19$m=512,t=2,p=4,keyid=key$RcXSJd4aF+vuornQLk1l0Q$/p3CnlSO7q93Ff8bSTlEKzlC6V6pywxShgGkz7LQjko'),(7,'login.py.aes',_binary 'AES\0\0CREATED_BY\0pyAesCrypt 6.1.1\0\0\0\0\0\0\0\0\0\0\0\0\0\0\0\0\0\0\0\0\0\0\0\0\0\0\0\0\0\0\0\0\0\0\0\0\0\0\0\0\0\0\0\0\0\0\0\0\0\0\0\0\0\0\0\0\0\0\0\0\0\0\0\0\0\0\0\0\0\0\0\0\0\0\0\0\0\0\0\0\0\0\0\0\0\0\0\0\0\0\0\0\0\0\0\0\0\0\0\0\0\0\0\0\0\0\0\0\0\0\0\0\0\0\0\0\0\0\0\0\0\0\0\0\0\0\0\0\0\0\0\O5\\Pn\ 3\ח|I;EA\oPC6M4]˪I\k~p\C 2_#\Az%\x*\V\E\\:{{,[-;]\B%+\VNZ_\\\{\C@\EW\\\M\	i4|Q[V9\\\\\r23`\zzX3/\\\7\ZED\8M\3U\\KOOR4D!y\m\\*R$XJwS\\\S,\\\.\Q0Zzt(Ba\\\<\U\/JW\\\[\RbG\\XS\Wfx\ׁX.k\n\:Y\;+(%M\U/\s{H0ʄ\;W5K\\V\0\5c\r\oPhUXa\Ʉ\\e2K\ɑQ\\G\^u\\\M7\\hRSڮΌE@\YXt\k86=~X\dTjWW6k$Q&\xQ%am>wswlڧ\4\ϊa$EP\\ɪqTQvG`DokpR׬\%ن2\\A\MaqF	\\\V ̸,A\z\g@\\vף\-\[G\!\^\.5V!\0ôfB?EP\yq8>\Q\1X\\j\\&T2\i{zxV\	.<ퟙd\\l ǶǕ0U^O\\3#GRN\.,\s\\,E\n\\\\\\qT$	6\n^\yL\\l*)ݠA\\Ѡxo)VͭgnŻ\\'\nC3-OVkq=\\0`\"/yF\\ZT\gi\)\yeDL\No\\\ZR\\\]s֠\ \.aR\ݰ\3sy\;\\U֬\0\ɱ\n5v\\e\<q/[V=%\\\9\@ \0\\\\\H#io#\"Rξ)r\\/;C\v\߾\\ &( Q\[h\ZW;\\2<`\`\n3\\\7ď=&\ޣ}K\v&Jxr|i\\^\T\\\\\\Y\\18TЂ\wy 1R\Z02F14)\X&U\5\\\\-\jlQ!2~!ڷPS\m\zx\{\\\\#\.^DXiԁf\\\\\@\g&Ɍ\9\Pif\DSropx\t\\(|\⫞	\!W\\z\i|Q9Ѳ\\=81tfJN\"e)R\\\o\0H\\8:\iQͰ0\O}\\'I\\"\\H\=sk\\r|\m)oP%\\\i\yC\\̻lv\k9u&}!\|\b\s2\)\\\u:\O-Eu7eo\63{g6~H=;SY\\\ZGI=\\1HO\\\1+\\t-\\Z\\\d D\EI)\M\CIb4\	8r\JN\\4KQ{\\;$.3Q\d\2\(?o\+ggПsdkg\^kAmcF};\0骛d\fw\\L|S2\FMrLw\o\\m)\\ri|q\+k`\\n\f%|P	cZfj\D56Xr@/F\\5.=E;faαl\yėWa\d\Q\\\a/7*\h2\5p0K\6D\Vq&\v\\\\&\s\uI\+\*u\7\hY~Bª{Ha&\\zY\\\\	)ۋ\\j\H\\ֱɈet\6 \d\̕ۈ\=-rU%Hi:=r\\\l\R\K\荑\1!*FHSvX+S\i|C/p/\i\\BQbk1x\\fQX\\K0+\\\lZY 5^\\naa\\]*ߪ^\=\\\\\I1Ȥ@\\465Y@T\d;W\j3^[mA\A\\<\`0{@\\\֜\E]v\w\e`\\r\\!bzٶ\"\22@L4O>d\TY\\\\%\жOz6\+*ʫ+ iC\\J\c<g\.\iA\\1Pn\;\z\l\\O\ht>\A#Mq\ל\dJS\4K\O\~b\\0\@\\13\##\\\\r2o\ \dջ\:\nCJ}wwhOC\+c\8a\OjR4\;>Y@\e\s\$Ciׯ\3\X[|\\\bߒX\ɲ\ݘ˟9π䥊8\\|{z	U\;x\ S\0\z[1*\Z;\1lS91*]\zڋ^,B>THH\/]<\0\\-\\yglcO0^E\ikL3\Gy\u\\Z\rཻ;\n\E 9\!Ī\\\\g.\\\\лNVgNv\K\\0\V\\Ƿ&,/_t>\1B\b\\U\\wLM\\v\\X\B\}E\\"\*zHi@\`Ķ\o\ſ\\<#BjtE\M\\8\a\)RW\I\~j\\^Ć	J\/?E\"(fU K\\\[\>CMnDu%\\\_	g.\fߥ\"!\i_N\#Fxarw<)A\Z`Gk\FL dw\n5\36b\}I\7Ӱ`tF\\\\:_y#4~*H|\ASiG~V\0\vpVg:\,\%\|s\\~\\an\\?\ޜ9lAT&w6,\KTDkTwI&\2\n\\^	\C\Uq\i5C\\'\\ba@:qۏ(k1\d\lM\6LF\l\&WH׬\qM;\'\=\!v0!\u1hX3n5m\y\\OCe\Ҿ\\\M!}$y\޻\꧌[\x\Qֵ\c=*\\IZyVαc\YD\Vy/w\\\H<\h\\T\\B=G^Q\߷0@\\]\~4\\\Iu*\\\	\֢yOܧJY8k\O\Rnth\\C$uH;#GjA)O\u\\X(S\\\\\\ˑZ&\\D1BH+1\¤\.G?\@VA׈uDdSj\'M\\'	,-ÑH|k\w\߁\`:U\\}\!x/Qf4`\e\@jI\t\\־oudk\\T\\F\D\[\,9*?\Ӱ\rB4\Oߗm\Y̥]1N(WxQ8x[V\\W\\\A\\T`rPt!w\\\+r\,\\\p\\A\d\'\R\\$/ݺaQ\=Ǎ	_ֳ\"\\\'\B\E6#6ׁ\\5ڹo@\ƷjEf\ǭ1q{?U\{:\R\|e\[aMn\v`\@\˕AS\+\\$܊\hT\˟\҈\DQ\ZZ,0{1\*+ağ^:\te@\r\\E\Al~\01J\kKZK\Ԋ=z;O\ׂ1F_Y?\yb\P\Z6I\\A\\t\rFN\VtG1:~+\ֆ\0[;\rjJJ\RCZ<F\cr:\\"zL\\\`i\`2\=4ܖwmz]N\ZEY6q@԰I|f\\[^S[!=;7#D \S\\\\6y(\n\\\\4\\\Ob϶E\r-?\Oy8:]y-iFtZ\rq;Y\`.\t\)Ͼm09;\b\&\C\aAF0<_[9\#)\\)J$\\r̣>x3\n\\G\`z®`hj\#\9lS\Ib\w#\o{]\57Y\n\"_Æ@1VIeY#@	iI6\Zak\*n\28s\l\b\~бкI\\F\ͭ\	\\)c?o]k!\\0;\\-\V}+lԫX\5HL#\\1cfR\\n1t\9F\AC\\YHV\˹0\Z֣3A\'b\t>\\<rAQJU\,\:#b+m)k\\\\|\T\\H\Gk\az\9e\Ѱ̼8\05JK]Ľ\{\\\\p<`\4:\;\\\\mLE\\ߩbQ>Ǧx\p\9UH?+\r\8\.\zw\\vG΁\\s-|\4e0y6Bu\0R\$.\\\\h5u%%?\\@ǱoJ\I\\9,\\\#W\im\%K\\y\\Kqq%\\(\H\y4_\*z\b@o`\0`Ji&nҴ\d>\\ƻU\\"ALAN\if\eZ\\`y\:$7\dF@\\c\2\rق\\\z%ڿf\\}\\$+,\%me\'x\O\\	)j]\'iy\%\N)&S\Z\.C?3\F\\H\\!ư\\a\K\rA\\=xYAi(T\\\zP\Gd]S0\\:\΍\率،\ޠ\]\9zShH\8\7\\4\fc(?!\\\E-3߁Hդ\$NB\z;\n@2Sw\?oTJ6T\0i\\A\5Ϭ$\?dZ۽\\\Q\1h\UșTghF \"-+V7\Ԭ_>\\\Iaf	;\䅂\nm 6\{WJ\\\S\¹\v7\\\n[@\&石L\\\\jG\j\=T\ZLXA3\\\f%v\к;^\ϵwpk\pO\nc\\D&\|m\և/ƀ\9\0u\\\\߀;QPx\C¾b8x9bb\)T\6b\R\F\C\C\rC\\yYT+7@F\nh\\ᕸ*8\(0.W\\V\\iIZ\n[+\4m\\mR5Ǔˈ(*5_2մé\!>:\MOx\(&\"\\-.i\\\[\\\nn\y\\(ة&c&5\\sVxTABznm\'D\\Z?ݰ{ƕp\d\ߘ^m\[M~֓Ʉ\\r݃Jn\}.<tqiyjvLJaM \\উk1\Z5\\f%ldL^\\Z岠/mn\\\\1[0\\Pw\Vl\"O&	eO\\	\0\n\>\^w|\K\@fqW.MT\t\GE,m\\SM\\X\0I5`ܖKie8(̂\~%\\j(ɇ\\r?w \Z\\Ք݁4`\\\d\"\":V\r\\\5/=*(ocA*پjQ\\\q\HSe\\BFv\T8TY\E\0E\\/ɮaU[	Y	\~[e7\|H\0L\9ӌ\귑\cʮ,	\č\s\V\n\|\G;?\\n3>ꅄ\C\ \\:D\\tc\A\x\[Ӏ><Pjc\\&\ŏ\Zl6\ю\3{B\j1,r\:\n\R\\w.Q\"\UUY\\\cd\\:\\!7\)\\<\%\SHBE\\b\i\\P$,((OPYG\i\\\\@\\'-)\\r9jAT LM.BJTdraO\\'\\B15\0\\η<l\\~`\0͟xb&S	r<>\\7\\\wx\\\a\aM\C^\<*pQV[1OT\e\\`\n\\\'ĮE\\7\E]q3\wrW$=;+\reN_s JdC#-W]e_*\\8Ic\qS\kRȆn\nE\r69|\{?7\\v\\e^s\Nd\.\\6\~\\;F\\mfÌ\\;aB@)\\\\\rW\oa\eQK\a|\\n\q5\a\Sj\>˓l\\\\\\\L\rCRY\B_\zW\|FHz>&\.\K\HE^/N\-S}B8\xa/̣X\`\CS\\'{y\'+ۙנPg-\Z\Nܠs\/\.\[\r)C?\\\n\\\ֲy9!\tIe3cÄ±Q`%qg\2]a2\!\\QP-zd\JeG3ю[\^C#f\CM\,M\\OC{85kŊ{?\fF:w)zv(g\\Dk@0i\6*Ѹ\n5A`*\t\\l^\\\RežZnt{TT\t5z\*UW\"\w\\|;Pr\a\18QوDH\\9;\Nq3T\\\w\\\=-\ o\S$;ln\\e/j\S\YC\\\\;+\0I\Pw\\\4?4|*@B[P\wv6O.MԍpR\4#KS-\5[XQ\o\IB\3\t','$argon2i$v=19$m=512,t=2,p=4,keyid=key$RcXSJd4aF+vuornQLk1l0Q$/p3CnlSO7q93Ff8bSTlEKzlC6V6pywxShgGkz7LQjko');
/*!40000 ALTER TABLE `files` ENABLE KEYS */;
UNLOCK TABLES;
/*!40103 SET TIME_ZONE=@OLD_TIME_ZONE */;

/*!40101 SET SQL_MODE=@OLD_SQL_MODE */;
/*!40014 SET FOREIGN_KEY_CHECKS=@OLD_FOREIGN_KEY_CHECKS */;
/*!40014 SET UNIQUE_CHECKS=@OLD_UNIQUE_CHECKS */;
/*!40101 SET CHARACTER_SET_CLIENT=@OLD_CHARACTER_SET_CLIENT */;
/*!40101 SET CHARACTER_SET_RESULTS=@OLD_CHARACTER_SET_RESULTS */;
/*!40101 SET COLLATION_CONNECTION=@OLD_COLLATION_CONNECTION */;
/*!40111 SET SQL_NOTES=@OLD_SQL_NOTES */;

-- Dump completed on 2024-02-17 21:35:18
